POIID,avg,dev
POI4,3891.7207475097275,1295.764944660638
POI1,4055.9049105373274,2319.8360118205655
POI3,1835.1173424110932,1380.8446307160555
