POIID,radius,density
POI4,13179.258096838552,2.7168649506709502e-05
POI1,13292.640133376122,5.95152253819711e-05
POI3,9313.986509485074,3.156183424405075e-05
